{"0": 0.4330054644808743, "1": 0.6210625102007508, "2": 0.529538221006198, "3": 0.7578740157480315, "4": 0.6445583358456437, "5": 0.7404479578392622, "6": 0.8146453089244852, "7": 0.9230769230769231, "8": 0.6036183177335259, "9": 0.7721369539551358, "10": 0.7855029585798816, "11": 0.8466666666666667, "12": 0.7383966244725738, "13": 0.8378378378378378, "14": 0.9285714285714286, "15": 1.0, "16": 0.6050583018558056, "17": 0.7145738101640225, "18": 0.7721359630717582, "19": 0.8735177865612648, "20": 0.7411390857980934, "21": 0.8579409417398244, "22": 0.8934426229508197, "23": 0.9461538461538461, "24": 0.7305869485964273, "25": 0.8296774193548387, "26": 0.8638888888888889, "27": 0.9452054794520548, "28": 0.9002557544757033, "29": 0.8604651162790697, "30": 0.9473684210526315, "31": 0.9090909090909091}